Symbol,Price,3M_Ret,1W_Ret,Dist_10EMA,Is_Watchlist,Is_Breakout,MarketCap_Cr,Sector,RS_Score,Debt_Equity,Free_Float,QoQ_Sales,QoQ_EPS,Sector_Rank
MOREPENLAB.NS,133.72,123.65,11.08,9.18,False,False,7327.24,Healthcare,130.25,0.17,56.3,17.6,267.9,1
INDSWFTLAB.NS,395.15,91.62,-2.28,-0.16,True,False,3431.35,Healthcare,98.22,0.01,38.7,12.8,61.4,1
SHILPAMED.NS,1064.1,77.1,5.0,3.5,True,False,20811.86,Healthcare,83.7,0.25,47.9,6.6,-6.4,1
SYNCOMF.NS,23.96,68.14,19.5,7.18,False,False,2252.24,Healthcare,74.74,0.0,50.0,-7.3,-3.7,1
IOLCP.NS,209.39,39.31,2.55,3.1,True,False,6146.17,Healthcare,45.91,0.08,28.1,22.1,21.0,1
CUPID.NS,312.5,62.71,15.74,9.45,False,False,42020.65,Consumer Defensive,69.31,0.13,33.1,29.0,23.1,2
OPTIEMUS.NS,803.7,59.29,5.95,7.74,False,False,7246.68,Technology,65.89,0.45,24.3,82.1,-7.1,3
INDORAMA.NS,95.81,109.56,-3.57,-1.77,True,False,2501.72,Consumer Cyclical,116.16,2.2,12.0,-22.1,-0.8,4
FILATEX.NS,106.1,102.4,-0.79,2.12,True,False,4711.46,Consumer Cyclical,109.0,0.1,26.2,16.2,21.1,4
DPABHUSHAN.NS,1874.0,96.27,32.19,18.58,False,False,4277.95,Consumer Cyclical,102.87,0.48,21.6,-36.1,27.0,4
SSWL.NS,390.8,57.54,3.18,1.88,True,False,6145.92,Consumer Cyclical,64.14,0.46,24.7,2.4,14.2,4
UFLEX.NS,649.85,51.34,-2.16,-0.66,True,False,4692.66,Consumer Cyclical,57.94,1.25,16.2,31.5,115.9,4
EMIL.NS,204.05,49.05,1.91,4.25,False,False,7850.8,Consumer Cyclical,55.65,1.23,34.8,26.4,204.9,4
BOSCH-HCIL.NS,1967.2,45.7,8.59,7.52,False,False,5348.99,Consumer Cyclical,52.3,0.16,25.1,13.5,-44.7,4
WELSPUNLIV.NS,239.17,43.36,6.45,6.5,False,True,22516.54,Consumer Cyclical,49.96,0.47,34.7,14.8,55.6,4
SKYGOLD.NS,810.65,42.51,2.15,0.88,True,False,12554.85,Consumer Cyclical,49.11,0.72,38.2,5.3,22.4,4
SBC.NS,58.54,39.02,10.41,9.88,False,False,2787.62,Consumer Cyclical,45.62,2.83,43.5,-14.5,17.6,4
WHEELS.NS,2241.3,37.99,-2.4,1.36,True,False,6020.66,Consumer Cyclical,44.59,0.73,38.2,-4.7,-34.1,4
SHANTIGOLD.NS,303.55,37.95,-6.8,3.75,True,False,2329.43,Consumer Cyclical,44.55,0.36,22.2,8.7,-10.9,4
SANSERA.NS,4276.6,32.82,-8.27,-2.63,True,False,26693.58,Consumer Cyclical,39.42,0.19,69.3,10.0,76.3,4
RAYMOND.NS,1197.2,102.79,0.05,5.1,False,False,7967.54,Industrials,109.39,0.34,47.7,0.4,2626.8,5
GMMPFAUDLR.NS,1443.4,87.1,-4.11,-0.01,True,False,6489.13,Industrials,93.7,0.84,59.3,-2.0,39.3,5
MACPOWER.NS,2144.8,53.91,3.99,3.21,True,False,2145.69,Industrials,60.51,0.0,26.8,-5.0,-5.5,5
MARINE.NS,436.55,53.61,5.51,3.67,True,False,6109.27,Industrials,60.21,0.18,34.9,-6.6,-7.5,5
ROSSTECH.NS,1522.3,52.3,8.53,6.24,False,False,5760.42,Industrials,58.9,2.64,25.9,8.7,-5.5,5
RAMRAT.NS,616.55,51.65,8.17,7.48,False,True,5755.44,Industrials,58.25,1.15,23.1,5.7,-9.8,5
UNIMECH.NS,1773.0,50.95,6.48,5.46,False,True,9024.92,Industrials,57.55,0.17,20.2,31.6,6.8,5
AZAD.NS,2860.9,37.94,4.87,1.78,True,False,18476.19,Industrials,44.54,0.31,44.0,6.8,-0.7,5
AXISCADES.NS,2307.3,37.29,21.94,14.07,False,False,9813.75,Industrials,43.89,0.53,38.7,-32.8,-3590.0,5
ENGINERSIN.NS,312.75,33.53,-0.92,3.61,True,False,17577.88,Industrials,40.13,0.01,48.6,-11.5,-19.0,5
TDPOWERSYS.NS,792.15,33.02,5.4,3.71,True,False,24850.29,Industrials,39.62,0.02,71.5,8.6,19.5,5
JYOTICNC.NS,1032.1,32.35,-3.1,-1.39,True,False,23472.34,Industrials,38.95,0.43,32.7,-15.1,-36.9,5
ROLEXRINGS.NS,196.36,31.11,0.52,5.19,False,True,5151.17,Industrials,37.71,N/A,49.3,-0.4,N/A,5
RATNAVEER.NS,345.45,95.15,3.44,5.44,False,True,2899.24,Basic Materials,101.75,0.5,43.5,26.4,252.4,6
MANINDS.NS,921.55,54.34,-9.68,0.22,True,False,6912.51,Basic Materials,60.94,0.3,42.2,-9.0,15.1,6
SOTL.NS,729.5,41.17,2.29,1.85,True,False,5001.48,Basic Materials,47.77,0.0,31.2,21.2,508.0,6
RPEL.NS,1818.9,40.47,7.03,4.53,False,False,8352.74,Basic Materials,47.07,0.02,18.6,23.2,29.1,6
SAMBHV.NS,161.45,40.06,1.46,4.17,False,False,4757.47,Basic Materials,46.66,0.35,30.6,6.8,6.1,6
FCL.NS,55.72,39.68,-7.87,-1.93,True,False,6488.6,Basic Materials,46.28,0.01,27.0,20.0,7.9,6
SUDARSCHEM.NS,1241.5,38.44,1.85,1.69,True,False,9884.43,Basic Materials,45.04,0.64,63.2,-5.3,23.0,6
WSTCSTPAPR.NS,727.65,36.78,-0.58,0.14,True,False,4806.05,Basic Materials,43.38,0.08,41.3,-15.6,157.5,6
SHAREINDIA.NS,205.09,47.55,-2.16,-1.27,True,False,4487.89,Financial Services,54.15,0.28,35.8,-10.1,116.9,7
SMCGLOBAL.NS,99.06,39.7,15.72,9.24,False,False,2074.32,Financial Services,46.3,1.63,26.8,9.4,-30.8,7
ANTELOPUS.NS,1106.5,36.83,-12.3,-2.55,True,False,3890.72,Energy,43.43,0.01,86.2,28.5,42.6,8
